Kmax,Ku,n,halfmax,Vhalf,slope
53.62,0.009998,0.8472,9987,-71.68,0.005369
105.1,0.005987,0.9269,33490,-66.86,0.003138
142100,0.008393,0.8626,26280000,-69.49,0.005407
753.9,0.006856,0.8938,201200,-70.39,0.003747
270200,0.007216,0.8369,48650000,-65.87,0.005554
186300,0.005064,0.9086,51260000,-68.74,0.003634
32.58,0.01572,0.9133,11240,-8.386,0.002899
1342000,0.006097,0.8949,355100000,-64.43,0.003779
92.29,0.008086,0.8351,14600,-66.11,0.006321
94000,0.007189,0.8726,488300000,-67.65,0.004288
